1615991,919498,1117146,187675,1817628,1044975,652718,1154325,92334,2095678
228737,1230986,1341158,1659703,106594,855886,1387155,876675,980219,700896
1082484,1459575,1081082,1332849,1906937,10243,877640,231634,1154325,678444
725371,797984,1716388,286165,1075129,86082,457681,762780,1439187,817689
86082,1785970,351968,1030851,1835788,1587422,1920677,1975106,1160594,1114176
1716388,8726,797984,2090871,553704,515252,286165,1300481,1481864,17827
679654,1361154,460028,1027487,696038,762780,286165,1294990,817689,725371
158235,17827,24513,1647194,1978430,2066646,1716388,2032612,956488,1154325
1303554,823114,1748431,1930193,1657226,1471401,1307663,363435,1897274,1328050
1916890,423507,426711,712037,870429,307920,477093,1142550,1140766,1832367
1361154,358952,1587422,1439187,158235,725371,1368729,832016,1916890,877640
731262,1319122,178795,1250677,1702873,393366,1462226,725188,1841451,1328958
537473,1335770,1111404,1154325,302297,1361154,251071,1845911,1713168,1891737
1203463,198790,1698824,1206169,922608,965457,1909436,842438,1864599,278164
1347930,1286875,1792353,580127,1837583,111803,2097464,1387649,319639,1780265
500757,250289,525772,1800979,1916890,1580823,109898,468843,694528,1187087
1459575,1978430,1587422,1158631,1332849,1647194,1081082,553704,10243,1193617
725371,1587422,86082,286165,1439187,1897367,1303554,1847644,1332849,1462226
158235,2004377,1154325,1081082,441418,817689,10243,777316,528136,2053790
553704,301390,992938,1716388,10243,766212,1175381,1008940,563256,1619839
1752865,782221,573736,187799,1948495,1459049,1114720,564072,857432,75833
1203334,624275,268262,315252,519058,37939,466443,1027220,643408,1502139
1075129,1392981,1897372,1158631,1855645,1382798,68034,8726,163010,2070608
1716388,358952,286165,86082,1027487,158235,1459575,1371799,725371,1906937
830693,1971093,1044016,460795,609444,607874,1137867,1052155,193307,725438
1298781,1813208,996918,1799453,892650,1817628,131739,1459575,175411,1087
8726,1459575,455802,992938,358952,1586210,1716388,175411,1119507,1082484
1276894,87559,1361154,1984730,400496,1647194,1786148,671264,1906937,917464
286165,1933585,725371,2053790,429798,1587422,86082,1767506,563256,1748431
1335130,1314946,301390,451393,2020242,1927228,580939,2065319,612150,987327
1563480,1715473,1662898,1882157,555600,418660,1682721,870405,138310,658403
1649032,1529065,897969,2083292,1007182,133835,1079438,730735,454183,1177232
358952,158235,877640,678444,1716388,10243,1843848,992938,2011792,1586210
1730020,1310157,797984,657474,1785970,129029,115689,1289069,1878517,857882
1587422,1803710,10243,1906937,548905,1361154,716822,859574,725371,1716388
1748431,429798,716822,1767506,1303554,363435,1307663,1330189,326171,642990
1714579,453736,1555153,1803710,1368729,848819,237902,1100508,617603,867647
699581,883507,859574,1042416,2086498,1705048,473510,941635,592167,1682507
1716388,1843848,1332849,1450368,1459575,2066646,678444,75833,17827,1119507
184057,401477,2028013,789577,1786399,978358,1101404,286165,1046119,246639
1512116,109879,1788496,1208534,543181,1759663,1942542,212012,1362648,250289
2042014,920703,197674,701349,178795,1462226,4478,779285,1716015,545369
709446,862538,326171,363435,1549608,1930193,1391152,1937259,29604,1083519
1361154,1716388,1587422,1154325,1352628,1647194,1906937,725371,553704,849156
1843848,877640,1845592,10243,1803710,358952,1270668,974610,1716388,1158631
358952,158235,1843848,824954,1803710,231634,10243,1270668,1716388,1459575
1716388,1015200,877640,24513,1978430,1332849,2043569,678444,563256,175411
919671,624801,1344440,1572443,2080259,950878,1386198,898800,656719,2008257
286165,598145,1631969,1100508,1845592,1079887,1773543,88545,892112,587160
1716388,1154325,553704,817689,725371,1332849,1459575,1158631,358952,17827
1361154,17827,678444,67649,8726,307920,795772,875255,1314946,1314932
50725,2096178,1965773,1666629,917833,575229,307797,455863,197674,1140653
1716388,1748830,1361154,1300481,1906937,1645101,553704,1647194,175411,877640
1843848,1312206,563256,1459575,1716388,2066646,158235,1916890,1015200,1320545
61994,2048981,1633288,1563733,522192,487306,755942,1585327,1672678,822454
1359340,1683039,408977,337976,1389709,1954360,2065401,572561,1589320,1981007
1395260,328466,687963,1133144,1039554,941758,127860,1100927,2071739,647771
1175381,938364,268165,1496148,1314641,1923912,363497,1430308,428567,8726
1121193,1430308,1335263,1344873,1168577,2087286,914810,724879,1120200,577128
2044396,1748830,766212,817689,1415893,459634,1149905,86082,859574,1098739
553704,1803710,1843848,1158631,1978430,1459575,865535,75833,817689,17827
398156,1663987,2065207,618210,633079,2028200,395970,287295,1445022,210415
17827,914466,830693,747967,842438,655381,1330189,563256,2066646,1583899
2066646,1332849,1843848,563256,1716388,725371,175411,678444,290755,8726
98853,957598,859574,473510,91762,1179296,883507,1225041,1896467,774443
716822,429798,1276232,459697,1399974,231254,1859462,138410,780726,1344729
1978430,1158631,1459575,1332849,8726,1716388,1586210,1858144,1081082,75833
1716388,158235,1843848,678444,175411,563256,1314932,877640,1361154,1647194
1635518,842438,129029,8726,1197101,1075129,17827,1876285,2070608,75833
1716388,678444,158235,877640,1845592,797984,2066646,725371,1803710,1978430
777316,1647194,362497,956488,179550,1361154,1460896,1487748,1211020,1732480
1843848,75833,87559,358952,1154325,1716388,1314946,1586210,158235,1081082
26132,1422464,392207,1490835,1254344,1175381,618210,30563,1090078,1178383
1716388,553704,1459575,1081082,1978430,1587422,1154325,1361154,17827,75833
310304,1013806,912327,1318326,1205141,1850688,995700,899972,1748660,635859
1587422,1803710,10243,1906937,548905,1361154,716822,859574,725371,1716388
1587422,1803710,10243,1906937,548905,1361154,716822,859574,725371,1716388
1925983,1399074,899713,1614926,1001487,1391756,1371799,790888,596297,725371
1960016,2026297,781496,371159,1361602,786745,1439763,1100883,1741016,1362877
852984,1583899,825606,1716388,933192,1323634,124682,1613934,1199176,1060832
1474270,685431,1015200,444010,1170342,500829,1197101,1680300,334102,2089571
263331,1202960,1303554,569845,473486,980523,1537568,1023251,617470,98064
1659542,1361154,1027487,899713,537473,920703,694375,1081082,804809,24513
1785970,1075129,1906937,350019,1587422,1686653,1439187,980219,1645101,352648
725371,1847644,286165,2090871,1082484,358952,580127,772852,53765,1332849
1786148,849156,586507,1748830,1121572,353768,1009325,1448753,922263,1361154
634607,1379001,1981419,1880554,678444,1845592,1433166,2053790,875255,1371799
1716388,1332849,563256,725371,1082484,678444,2066646,8726,1459575,68034
1154325,1459575,286165,1673619,1933585,563256,877640,1906937,1510347,1843848
678444,1716388,290755,1082484,1843848,563256,286165,671264,1158631,1481864
28623,954227,700337,1229904,1554487,801364,1838377,1598850,1891622,628598
1587422,1803710,10243,1906937,548905,1361154,716822,859574,725371,1716388
33757,2054441,1307663,1330189,1005798,2030806,795217,1055090,1864496,462653
429798,1330189,138410,1654019,1586488,642990,1748431,1384157,1139737,1796243
1880789,232865,231634,1916890,188914,457559,1083909,980482,1333203,477093
1343601,817689,1427480,385600,1779506,1152603,1666627,1154325,838096,86094
338319,344906,870620,376110,1271457,1411624,588390,405993,1229142,447381
1981518,1566272,674516,1103624,759459,825353,1095716,185070,728080,699735
1716388,358952,849156,175411,1270668,992938,1459575,797984,725371,1906937
1587422,1803710,10243,1906937,548905,1361154,716822,859574,725371,1716388
236078,2011532,580946,797478,1770351,1705556,1440979,444010,1474270,1933585
1978430,1332849,877640,1716388,1647194,1459575,8726,1567597,1843848,1087305
143467,286452,1654019,1328050,1799758,1251230,1502890,1748431,1537568,1394361
1716388,158235,1845592,678444,358952,1933585,17827,1459575,939065,1803710
24513,344906,1154514,741412,1170372,29913,1159583,1183078,1681823,2043569
1586210,1015200,1716388,17827,1271457,10243,870620,8726,1300481,1978430
1154325,548958,1933585,992938,794008,255204,1647194,1019093,1587422,1361154
2032612,939065,418663,232865,1816289,358952,432516,443737,1843848,683208
1933585,1716388,1553366,1154325,563256,1332849,2028013,1314932,515252,1082484
950878,1195938,2022067,786725,2080259,1488068,1389803,1565558,624801,1962982
1716388,345185,1610802,107393,956488,1289590,1607924,1154514,1845592,2093394
925568,1655015,1019254,1354225,1673619,307706,768694,98853,756385,958964
1716388,877640,545369,1300481,736316,1880701,1193617,158235,1361154,1647194
219862,1769036,1563480,1913704,1332849,849357,1087305,1039166,1564102,1886047
1647194,115689,877640,1361154,1454658,1906937,151458,455802,1023872,10243
1266056,1127504,941998,558991,572640,1376245,2060149,1223167,1364607,941282
1397648,782031,1328997,229120,429798,1408389,1432156,1103704,940967,138410
451393,1087305,245668,513072,859574,2065207,795772,287295,1484614,2028013
1710289,1267248,622653,1258910,367960,725932,6112,642990,1037298,93182
1843848,725371,158235,1332849,208951,1038827,1320545,1916890,1978430,797984
57447,361057,916851,713416,1743516,2066646,986583,1356571,1551597,1005926
429456,388604,1931266,6112,70508,1082127,1117157,388844,1277328,1201673
1865084,1251724,1148758,207715,1818814,1386453,1156725,1472355,543271,1228998
1587422,1803710,10243,1906937,548905,1361154,716822,859574,725371,1716388
14123,2072175,1297329,1595373,817421,755950,1792896,516916,210375,460795
1845592,1803710,1716388,1843848,1454658,2024944,10243,1280420,361057,908752
1567189,238545,1345571,1251724,1265668,1497944,1588595,10243,1286174,928548
286165,358952,1716388,1933585,1158631,553704,1803710,678444,10243,877640
286165,1154325,151458,1906937,1459575,1081082,652718,455802,1645101,1647194
423753,231342,1336652,1616270,1614653,1166273,655214,1885009,916683,2041591
1642543,990422,835193,701343,375287,772384,1581577,376110,990805,819675
1730020,515252,824954,1583899,1197904,79388,548958,686743,1716388,1332849
1459575,1716388,2011792,553704,455802,725371,1984730,1607924,1978430,358952
830693,1647194,797984,1843848,548958,24513,17827,678444,8726,1027487
289014,774364,948390,394139,1413335,901460,1512729,389434,1211020,1966538
563256,914466,1586210,10243,1858144,1433166,8726,1271457,678444,231634
1587422,1803710,10243,1906937,548905,1361154,716822,859574,725371,1716388
1587422,1803710,10243,1906937,548905,1361154,716822,859574,725371,1716388
1362304,151458,822392,2038089,1013008,2078290,1144096,725188,899713,1906937
1019254,313225,836416,587759,545438,1845592,17827,175411,188914,459433
147911,394727,1843848,683208,877640,1848295,1785755,1047670,1469781,443737
358952,1803710,158235,1361154,17827,1459575,877640,914466,1646209,944825
8726,1716388,1843848,563256,286165,2090871,1481864,358952,797984,2070608
875255,1549129,1919165,1548617,1368729,1053247,1716388,1941262,337976,1612886
2004377,345185,58674,115689,768694,1242733,268262,699523,1695970,1289590
678444,1978430,1082484,2066646,1361154,1015200,1806163,563256,1332849,1567597
587394,883589,1596498,875644,1100216,1439106,1635267,2078290,1923152,596359
34050,1586488,1139737,1303554,1197882,642990,1328050,1058918,2054441,774412
1716388,992938,286165,1767506,553704,1459575,358952,1880554,1475098,1081082
358952,1716388,877640,1371799,1906937,882697,1075129,8726,175411,646288
1610179,739988,1676104,1332849,756385,1379249,349129,1195949,1004222,306763
1127504,605173,26323,550529,202741,1984808,255638,299453,695844,151714
1453103,1990398,124471,1389545,780232,739988,1052176,1792714,903629,1093828
1773543,1386453,1382821,1345850,536980,361733,601951,1052155,10243,1631969
1906937,158235,231634,24513,358952,877640,210375,455802,1082484,914466
199790,1729122,481109,491461,363435,1937259,242012,303647,1088595,550624
903126,969299,1106871,370327,678444,692604,1531079,2042614,261749,1010721
1716388,1906937,553704,548905,2066646,992938,8726,1270668,678444,1459575
725371,1587422,671264,86082,1082484,548905,286165,68034,1847644,1897367
8726,358952,286165,1716388,1270668,1843848,1081082,877640,1120087,1015200
1915006,618210,1176341,797870,218740,1341331,670018,1787803,335761,79388
134031,1428873,1581577,1345571,515814,231176,735655,10243,1885128,1156304
601951,1843848,1354950,358952,1082484,8726,1332849,1459575,1271457,196886
307920,1803710,1763567,553704,1270668,1459575,824954,1314932,992938,1843848
1748431,199790,202741,782031,44496,1822707,1984808,1330189,806452,462653
481109,6112,716822,774412,1767506,33757,1937259,1410858,1330189,568391
1040602,1885644,444010,290755,1853530,1545648,2044642,1625954,353825,1942664
797984,1013008,830693,756495,1154325,115689,1906937,1450368,1510347,1716388
1716388,158235,1459575,358952,1906937,1332849,1843848,1158631,747967,10243
802034,23467,811336,1775650,116477,1451400,81341,600310,1272385,250289
1300481,1015200,231634,678444,877640,1450368,1645101,1647194,1013008,914466
1549607,1275403,729335,1475098,441390,250289,1718945,1365262,1446929,1658177
1565665,1405799,574874,956569,1146467,1208693,996730,1492982,825810,716822
446330,1384157,481109,1427302,1780918,1142503,310287,942018,358807,17805
1716388,1270668,115689,859574,1336002,678444,17827,158235,1880554,747967
1748431,286165,86082,1673619,830693,515252,1587422,1553366,1897367,358952
1855645,350187,1075129,1553366,1868657,1158631,1033269,97777,1589320,188655
1716388,2028013,1906937,1510347,1459575,1843848,457123,877640,548905,1845592
188655,1459575,1158631,158235,1332849,1270668,2066646,10243,1094202,1607924
1655630,971596,928822,1737494,1654019,1798871,795217,1174229,1777682,950023
1867053,1154325,1459575,1314946,1716388,1308339,613717,623245,126663,2018816
1716388,563256,992938,1843848,2066646,8726,877640,1270668,2011792,1158631
1716388,563256,772852,1082484,725371,175411,286165,1748431,515252,830693
1716388,553704,1803710,1075129,678444,175411,1120087,1433166,992938,2053790
883507,859574,146846,623206,314363,1203256,1001487,1042416,584318,793964
1716388,797984,1587422,1207169,725371,1510347,1038827,1730020,877640,208951
1716388,1906937,1767506,797984,553704,992938,1087465,1300481,286165,175411
1748431,1303554,429798,1344729,795217,716822,877855,1767506,1654019,444075
1587422,1803710,10243,1906937,548905,1361154,716822,859574,725371,1716388
588575,158235,1094202,751727,1892268,1647194,1361154,1371799,1120200,1197718
1641275,5009,1868657,1751018,326171,497712,1033830,772852,151714,1878965
1716388,175411,1459575,553704,1332849,1157295,2011792,1628496,877640,10243
87559,652718,1361154,1117146,1154325,2095678,1839144,1498579,1748830,424072
1587422,1803710,10243,1906937,548905,1361154,716822,859574,725371,1716388
1777682,1654019,759459,646710,282882,1755800,1326990,1799758,1537568,473486
1587422,1803710,10243,1906937,548905,1361154,716822,859574,725371,1716388
286165,1716388,158235,1845592,1459575,1647194,2065207,1249790,67649,618210
1906937,1154325,1716388,1459575,1332849,10243,1978430,1081082,1158631,1082484
748337,848174,1732782,2091538,1499393,206201,1142601,1260259,497683,1742945
725371,1207169,515252,1510347,1038827,208951,1587422,1716388,326171,1582103
1587422,1803710,10243,1906937,548905,1361154,716822,859574,725371,1716388
1716388,725371,1368729,1371799,756495,1587422,1906937,158235,1645101,553704
286165,1767506,1038827,1748431,1716388,725371,1978430,1587422,457681,1439187
158235,1271457,1314932,1586210,849156,725371,8726,824954,1843848,655381
2024473,556959,889582,1147728,1280143,1441505,459611,1413821,1475723,1020851
2086554,1038827,361733,866,1763567,255068,1799667,30698,459634,2024297
1716388,158235,1906937,1647194,2004377,1154325,1361154,756495,777316,441418
1716388,1038827,515252,1730020,1207169,208951,797984,725371,1587422,1332849
250967,1783392,1716388,1864599,1658985,1816289,670018,358952,1328958,1433166
86082,1114176,849156,573757,1030851,1975106,31377,1587422,928548,1835788
286165,1154325,1081082,307920,287295,179550,358952,914466,1978430,455802
1303554,1767506,429798,1344729,1748431,1330189,1307663,1930193,726834,363435
553704,1716388,2028013,158235,286165,1843848,17827,563256,8726,358952
1994255,1186680,768694,1661323,1983582,777316,1220941,1361154,1647194,2004377
596297,422035,1042416,1942423,1132731,1429096,542104,1614926,1815913,817689
1586210,1506406,725371,1842210,917464,1536549,1833162,1878965,1716388,1207169
1271457,824954,1842210,1560533,1531076,1586210,1433166,1490835,956488,1300481
429798,1344729,1535979,970967,546804,288837,751025,951416,67794,429456
652718,1154325,1361154,400496,87559,455802,1647194,473325,1498579,2095678
1587422,1803710,10243,1906937,548905,1361154,716822,859574,725371,1716388
1389709,173507,1098739,575668,2044396,2091150,621367,1197101,584318,1998124
1848293,1686190,1297894,1200070,459433,1244919,391229,131739,1362431,294235
1640072,1127705,77848,1471742,1684171,418663,1399074,1112526,1167115,1790137
575668,2091150,1098739,1140939,2044396,1101013,1666623,1636608,550002,1943903
900247,1308339,1837583,310923,536980,1386453,544431,1879078,916851,1563744
1803710,914466,1716388,1647194,158235,1314946,725371,86082,824954,1459575
353421,741412,1245172,1694745,1663311,1479385,1374719,934798,1845503,1158631
1303554,429798,481109,1344729,1384157,363435,550015,444075,1328050,935105
1906937,1843848,1716388,24513,1332849,824954,1459575,1933585,10243,692604
241986,1748830,400496,1490835,175411,1352628,1332849,280725,459433,1947925
788847,260921,1589493,628664,94121,1587422,1905019,344906,1058248,1015041
400109,1872271,1695970,1732782,676933,2045314,1858144,704283,762791,1461030
1091575,231342,1303554,1307663,429798,1286060,2009892,1885009,282882,2090659
1978430,158235,2066646,1270668,1015200,1433166,1803710,457123,53353,1845592
1978430,358952,228254,939347,914466,1314946,618210,2065207,1816289,1649403
961097,899713,246883,1978430,1719786,714147,1082484,1805356,1994198,1806163
1716388,75833,1154325,1120087,2053790,1681823,457123,553704,1481864,175411
434648,992938,1462888,947530,857357,175411,1367154,12337,864369,1987572
1227692,1832881,1047670,355278,103028,895217,1795962,1498066,933815,131188
914466,1015200,231634,2051453,822392,1459575,1314980,1506406,1082484,1647194
1748431,1767506,286165,1330189,1303554,1344729,481109,1359189,1120087,138410
443737,344906,1897367,1705556,1160456,610559,1994198,1587422,1264704,1039554
1001487,1297329,1389709,1371799,1197101,575668,995962,1976585,1486326,146846
2013706,817689,1705048,1470864,1042416,1098739,1811288,106855,859574,1001487
1459575,992938,358952,1081082,725371,1475098,1880554,441418,1803710,2011792
424976,307784,1144317,199790,2018827,202741,959528,824629,1680199,1190892
1906937,1490835,1140653,1688227,329558,1098307,1949006,1105545,1607924,509917
1716388,849156,1006988,1158631,158235,307920,1270668,358952,1916890,24513
1245063,1906937,805034,312946,1087305,1345571,833357,1272053,1765821,1008940
1587422,1803710,10243,1906937,548905,1361154,716822,859574,725371,1716388
915542,2066646,2011792,1361154,2090871,521556,1691453,2028013,1610179,548958
725371,286165,2090871,17827,1847644,86082,553704,1439187,1154325,759604
768694,115689,1628496,268262,899713,345185,1154325,956488,1595373,777316
217551,1054615,862538,202741,619892,867402,1276232,1103704,1726091,1868708
1587422,1803710,10243,1906937,548905,1361154,716822,859574,725371,1716388
745252,1508820,344141,944825,1248651,829851,917833,849926,39976,1204122
2010175,743556,1478380,94313,1571766,328556,371820,1115327,1757875,661608
76806,2066646,696972,1002355,1184366,1945537,1746606,1551597,2046666,140229
856245,1281524,1043069,353199,846812,577128,1120200,1197718,661816,1966538
875255,191605,177232,638400,1120200,756495,362497,1568575,979707,410743
1906294,919498,87559,1647194,424072,652718,1154325,400496,1601393,1696611
2004377,1120200,756495,268262,1716388,1361154,1906937,1019093,126663,1933585
1537997,782221,2066646,1855801,916851,1785755,184447,197405,1442526,1538920
545369,877640,1716388,450305,1792852,1688227,1673619,1087305,1199176,541539
1300481,1785970,371130,1459049,1146634,1613918,1015200,700148,426665,268262
1815253,1105545,1624771,737699,1961569,1371799,1433959,1802364,797870,1424876
699516,896008,1272053,1981419,1598799,1294401,695550,640645,1819514,2008257
1518529,1918328,1567680,1249686,1856341,1124808,953645,1767506,255638,2091097
1770187,1748830,1015200,1880701,1803710,660825,725371,1839144,1481864,1716388
756495,268262,2004377,724128,1906937,1837513,1361154,1264704,126663,1281524
553704,1881345,1317179,75833,441418,1716388,1506406,1300481,1400923,1757875
1906937,1300481,1716388,1647194,877640,1147728,1645101,1641323,884063,786956
1775650,1439187,817689,457681,656719,1038827,286165,725371,1717880,358952
64594,742364,1945122,716822,1922736,6112,962126,1276232,1937259,550015
39337,607613,234563,569573,134413,1501459,1257250,361733,1077942,700148
175572,252514,659716,132724,1475922,1466163,535307,1265882,1211020,239545
1607924,1422767,1933585,1082484,441418,1716388,10243,1200070,228254,1019093
1587422,86082,966428,588326,129029,1030851,99044,31377,443889,607342
966428,1587422,588326,31377,849156,1792453,1975106,1030851,99044,129029
1587422,1803710,10243,1906937,548905,1361154,716822,859574,725371,1716388
1716388,1459575,1332849,2028013,725371,1978430,797984,656719,678444,8726
1300481,1716388,1647194,877640,1906937,678444,1459575,115689,1193617,1332849
1154325,1361154,1839144,87559,1786148,652718,1647194,1748830,400496,455802
397878,750232,1729568,1522551,742364,77875,1328050,1003933,999339,64594
108992,570711,1144397,967194,1087305,1361154,1154325,119703,1332849,1219704
1714579,1607924,1803710,286165,464119,44234,1154514,1459575,970310,1716388
956461,739711,1918719,458515,1537892,992901,397391,2022282,1071166,1186191
40916,877640,1042416,158235,1694845,358952,1197101,584318,580127,553704
1762158,1906937,1604435,1645101,1013008,394139,544593,1647194,896008,441418
553704,992938,1628496,2011792,10243,1978430,1880701,725371,1586210,1158631
250967,1338066,1668700,965457,1170929,458322,1499393,394411,1783392,739711
1748830,1361154,1716388,1647194,158235,358952,1906937,1843848,87559,824954
1327893,464119,1715105,1803710,1664093,1939766,1495407,1038435,438905,1591077
286165,1359189,515252,433004,88545,569916,1610338,55018,263783,1044827
1587422,1803710,10243,1906937,548905,1361154,716822,859574,725371,1716388
1362158,586507,1498579,1338314,1195113,1407246,87559,922263,849156,1361154
1094798,1950320,24301,358952,769817,684525,284381,1081082,910774,1328958
98853,957598,473510,1179296,859574,883507,2054995,91762,575668,1225041
1910721,637544,1267278,1479738,1604435,1095455,896262,228254,845332,709433
126663,115689,652718,365633,1413821,282427,1188754,1700417,1647194,1862354
545879,1590749,676180,2038089,1459575,534116,1229904,1949752,596359,76380
1338314,817689,1127740,725371,1013008,115689,849156,69804,1577307,992938
138410,429798,1748431,1328997,231254,1303554,1603561,1276232,363435,550015
725371,1587422,86082,1586210,286165,1439187,1847644,849156,580127,1338314
2025697,941758,859574,901460,1395260,883507,1952644,588326,917464,2097450
1587422,1803710,10243,1906937,548905,1361154,716822,859574,725371,1716388
1587422,1803710,10243,1906937,548905,1361154,716822,859574,725371,1716388
1749274,959956,1546263,1768177,1668561,35675,2033466,990718,859644,845113
548905,225989,1388526,64155,1268129,1720019,1298769,746127,444633,736093
594303,1364891,1445905,544431,124682,1506406,248005,1445476,269466,1487241
725371,830693,1332849,1880554,772852,1716388,2043569,1475098,1082484,1271457
1716388,158235,877640,725371,992938,1459575,553704,1843848,817689,678444
1716388,1270668,1459575,2011792,10243,1158631,175411,1328958,992938,1075129
166808,1951048,724128,174639,127860,10948,2060139,1565558,1074574,748065
777316,1361154,1966538,459433,10243,794008,2032612,1281524,1661323,1197718
2083608,1586210,764932,1628484,2011792,1371799,287295,877640,1158631,553704
1748431,429798,481109,1767506,1586488,1328997,1796243,795217,1330189,1937259
158235,1371799,24513,481109,286165,1271457,553704,358952,17827,974620
1338066,1019093,345185,768694,1933585,398330,884378,1242733,1289590,1695970
17827,1716388,2004377,1843848,777316,1361154,768694,158235,1120200,123463
459697,868935,746346,341295,806312,1569145,1258427,2041271,409098,2044758
539096,1911098,1100367,1342354,156628,1146045,1113068,1952750,1378010,489679
1127705,1323985,1691639,1186619,300059,418663,844407,1167115,1790137,1242432
566337,1083909,1344343,2067415,1444240,1514911,974438,1702873,1463828,9988
1932187,622971,910829,217061,981461,1115866,1009081,375287,1951209,645458
1294484,1933147,2099472,1854759,2071876,1933468,998816,853920,1007882,1655611
1133144,899713,2028200,207536,287295,685541,361733,947108,1842210,1039554
1823988,1880701,320314,1484223,849156,316253,824954,159486,856245,2042614
1061775,1780753,1629612,1334814,977082,725371,82908,758382,331561,867251
762204,273892,1179296,420419,473510,1255560,106855,1399074,1098739,883507
871823,280725,1923912,544996,1484049,2066646,764068,1203456,54894,1275821
278563,678444,1716388,123463,1803710,10243,979112,1906937,1379001,2069194
1803710,1714579,1213206,115836,1810076,464119,10243,654062,1355106,438905
1816963,509917,141264,671798,1673619,1623524,1688227,965334,458694,60153
2004526,917464,1127740,2091150,1098739,766212,1197101,1149986,985132,2022687
1328040,1108508,510494,1812883,712661,1586907,1609224,1976298,811452,797386
1362669,1880554,2003588,1666236,489315,1303554,1874442,1726929,1549129,1451269
1098739,1714175,2044396,2091150,1665745,1488378,1140939,1544479,550002,98853
706946,1726091,8478,1321594,421693,1294990,1528089,754626,1864347,1689829
1748830,1906937,1361154,1647194,1716388,1645101,1300481,1786148,678444,553704
2042614,692604,1106871,123463,1657941,1146634,1010721,1364643,1338066,868494
1497944,553704,2065207,138410,1209750,895689,1154514,1803710,130320,830693
1730020,1475098,1332849,797984,992938,1019254,1490835,1587422,175411,1647194
882697,545369,1716388,1120200,1933585,678444,158235,1645101,563256,877640
461718,2091150,1098739,1019738,98853,1038827,2034444,1655015,307706,60830
1906937,1716388,548905,1459575,877640,124682,1984730,1607924,358952,268262
1868356,1862634,347262,1779897,1046902,1607924,1679906,245294,1117439,1971578
1743517,883507,700896,937613,1682121,1711034,1853530,992938,149201,1972193
1748431,481109,1330189,138410,1654019,1344729,6112,429798,795217,363435
1206737,1125926,667152,406671,532923,347783,52101,1654019,2032390,491461
158235,678444,877640,358952,1716388,1916890,1361154,1803710,1368729,914466
553704,17827,1332849,1716388,1459575,563256,1843848,8726,10243,2028013
1716015,396371,1661875,1399806,398330,958964,791244,1434557,701349,931410
338129,471068,159486,54372,1722443,765007,1484223,221037,936985,780763
1154325,1716388,652718,10243,1647194,1015200,1087465,1906937,817689,1748830
286165,1154325,1082484,1422767,1120200,1897367,830693,804809,2004377,555600
725371,1587422,542104,175411,1361154,563256,1981419,87559,671264,86082
729261,1596880,1951211,279071,1192804,1683276,245668,1117918,844409,944825
946809,252886,1019019,1327050,1265668,1529698,1715199,1536826,1281257,1396433
725371,1716388,1586210,158235,1587422,992938,797984,358952,553704,1864599
286165,725371,1587422,86082,1082484,1439187,1897367,1154325,2090871,678444
1459575,1716388,1082484,17827,358952,1158631,1081082,1015200,1978430,286165
826149,1730010,767066,1019254,188655,346579,852508,17948,769817,171601
1842210,287295,965457,207536,2028200,2065207,75708,53187,210415,1450368
1314932,1786148,175411,1361154,158235,1249790,1909436,1433166,1647194,1561396
766225,648923,805367,1406475,1838800,434848,993318,1880701,1587422,2004377
1938819,1109503,206312,2028013,1966539,1630796,1745621,2070608,1817440,2068577
1459575,1843848,358952,286165,75833,8726,1081082,158235,1716388,1332849
877640,678444,1716388,2066646,1843848,725371,1361154,563256,1332849,1806163
1587422,1803710,10243,1906937,548905,1361154,716822,859574,725371,1716388
1767506,429798,1330189,202741,716822,1654019,286452,1930193,481109,1748431
1484657,1705048,917464,859574,766212,941635,793964,883507,1179296,427179
356089,817689,777316,768694,1361154,115689,610559,44765,282545,1596498
2079860,358952,1589320,1328958,1081082,598145,1475098,1587422,286165,1431639
1587422,1803710,10243,1906937,548905,1361154,716822,859574,725371,1716388
286165,1933585,158235,553704,1716388,1361154,358952,2053790,548905,1082484
1748431,1767506,1330189,429798,1307663,1796243,1937259,1303554,1586488,444075
1127740,849156,1152603,1338314,1847644,371066,817689,1779506,586507,35589
1373770,1439187,286165,1973261,477292,517342,1079438,1285542,1846200,1199182
1978430,877640,1459575,678444,692604,1361154,545369,1647194,1716388,1368729
1587422,1803710,10243,1906937,548905,1361154,716822,859574,725371,1716388
286165,1459575,8726,1154325,358952,1978430,1716388,24513,1647194,923252
1595837,1112526,1603449,968229,2795,1122069,2022282,422047,306758,681415
1587422,1803710,10243,1906937,548905,1361154,716822,859574,725371,1716388
659716,1909115,2072802,54531,927771,780232,550897,542785,507609,94614
1639253,612150,1218336,1884720,286258,810137,172031,285468,133604,456731
90938,1684171,914810,529081,668359,94313,2036385,2042614,119703,337976
1933585,158235,17827,286165,228254,759604,939065,1459575,956488,1553366
1007974,382659,1409208,1758168,1848295,77776,173571,1416558,750742,278663
17827,1459575,1332849,1716388,1880554,1475098,725371,8726,830693,563256
1641524,919498,1335173,1090078,1647194,1762158,1044975,1615991,1951048,455802
702220,449624,1748431,143135,307784,489638,1345709,659646,1760287,947133
1630756,1531720,1780040,445336,1633288,1389594,1344593,1381803,1611079,2005652
1587422,1803710,10243,1906937,548905,1361154,716822,859574,725371,1716388
1933585,1591790,1019093,1553366,1439106,655381,115689,1361154,877640,516913
1690299,1499638,2015130,1111256,607613,1655015,1770187,658755,857882,725371
725371,1847644,671264,1767506,286165,1587422,830693,429798,1082484,1897367
1487137,1775650,1607924,1370487,175827,1453389,1484614,1445905,1400923,1318504
178645,432694,1698425,1355106,111803,1893778,236326,493502,2072122,1368729
1655015,1475098,2015130,1389545,1872051,68232,590374,1792714,188914,995676
2065207,114329,1785590,804903,1442577,1789273,1886247,694706,164821,146734
1267760,1315761,481751,2043569,1154514,420419,1993584,104388,978615,103595
1607924,1978430,1845592,1459575,286165,956488,548905,179550,1647194,1843848
610559,1361154,1056539,10243,817689,1647194,992938,563256,797984,2011792
2065207,343463,922608,559380,618210,633079,213819,1475098,1054383,1150603
563256,678444,1587422,1897367,1082484,1158631,1716388,830693,1843848,1462226
980482,1951209,2065207,1730010,346584,1906937,430717,949018,856726,924728
54894,849156,2070608,1945537,280725,1993832,1785430,457681,737699,1433166
358952,1716388,877640,553704,1075129,882697,158235,797984,286165,2090871
1698824,1279006,234563,422035,1146626,859574,1098739,1132731,98853,6501
1635518,17827,129029,842438,8726,75833,1876285,1197101,553704,656719
1993832,2075120,107393,1142550,471449,2076326,1196948,1115216,1267760,1647783
1978430,1332849,797984,2066646,725371,1806163,1730020,1628496,1300481,877640
524497,1506406,553704,1128942,1785430,279814,1023806,1314980,1114176,563256
847961,830693,1155577,1100508,1236369,378466,503483,1843848,869038,649372
429798,33757,1384157,1796243,481109,138410,1586488,1330189,1276232,774412
373547,1007974,1416413,1848295,1757875,1695970,750742,307706,1770187,382659
1803710,1361154,1647194,158235,1978430,10243,1716388,1845592,1490835,358952
812704,614676,1625024,329548,829599,441418,1332051,1727982,1789050,225609
1098739,314363,1714175,98853,542104,379167,1048382,883507,473510,68232
1039554,436250,86082,1999,1754181,536540,928548,1736593,1025960,1773309
1385642,570105,1668075,939065,852053,1273115,81368,1211627,916851,664676
716822,429798,1276232,459697,1859462,231254,1399974,138410,1344729,780726
1587422,1803710,10243,1906937,548905,1361154,716822,859574,725371,1716388
2079641,1635518,1692265,1387649,1881345,34993,29913,1763567,2066646,1851910
1450368,358952,939347,1880554,1140688,2028013,1361154,1864599,944825,1785430
1635267,1117146,901460,150315,1157133,899713,1618029,1436373,601951,1267666
400496,1361154,1647194,1786148,87559,652718,1839144,1283430,2095678,1154325
187074,56688,1289590,750742,1983473,1230206,1705556,1188126,12511,1047615
1978430,1803710,1716388,877640,1843848,1481864,553704,1300481,2065207,545369
1808012,910534,817689,1402222,919498,1361154,1343601,1647194,524497,1154325
716822,481109,1767506,1344729,429798,1330189,1384157,1654019,363435,1716388
80063,459697,287899,1748431,1303554,795217,453226,551717,746346,69488
1521837,1716388,1332849,563256,1270668,1770187,175411,1015200,1730020,1197904
850965,1154514,2015199,780461,1965613,563256,756385,1296671,2001367,1740868
1237167,2027136,84039,39976,1111404,426711,236078,290084,1776370,289961
875255,146846,959219,361733,1550304,545369,1379001,1057631,1371799,935731
735655,1345571,939347,1900636,1821753,515814,839005,1344873,1979875,1906937
263652,536933,148740,291115,431985,521518,943481,96029,977082,364183
768694,2004377,2032612,756495,10948,1120200,126663,181998,794008,1361154
2065319,1098739,81341,1335130,1276248,1949095,1613918,1775650,2090871,1434557
1716388,286165,1978430,1843848,1803710,8726,563256,1270668,2090871,656719
1163771,281650,628664,659336,914062,292457,252484,1179982,1728825,1307663
1332849,1856280,10243,1587422,563256,98853,459433,2066646,1497944,892515
553704,286165,515252,1716388,1978430,1459575,2065207,24513,1673619,1510347
883507,1041575,859574,766212,699581,1203256,985132,1179296,91762,1799031
1947516,1170929,130561,1792353,1911879,1826586,1083909,69370,340980,1598995
358952,914466,1371799,1314946,1843848,563256,1577307,939065,158235,1006988
1183120,1293715,739988,1572262,1862354,1728333,920899,114569,711920,1273115
1916890,455802,1019254,1673619,1475098,1586210,1332849,231634,1536549,797984
1587422,1803710,10243,1906937,548905,1361154,716822,859574,725371,1716388
1331091,1082484,1510698,787374,303059,1052155,236078,40814,1044110,586507
272496,678444,2070608,2041622,725371,510819,795772,1382798,2015130,1655015
1587422,1803710,10243,1906937,548905,1361154,716822,859574,725371,1716388
2004377,1716388,1647194,768694,914466,1984730,1361154,175411,455802,725371
429798,1748431,481109,33757,716822,1330189,1937259,6112,363435,1796243
1371799,538255,1332849,1197101,1001487,1714175,119703,790888,883507,422035
1716388,1635518,8726,17827,842438,358952,129029,1075129,882697,1433166
1716388,1459575,158235,1647194,1845592,455802,1843848,992938,1645101,914466
725371,1587422,1847644,899713,1767506,286165,2090871,671264,1897367,86082
1226558,1560533,1906937,179550,822392,1338314,358952,8726,849156,400496
1844503,891871,322540,762999,241058,676255,838338,1431639,979790,53198
1746238,638118,1845208,1952925,381201,915417,1273115,2095187,441390,729335
1651101,642990,310304,1680199,750850,1003933,2052644,932413,1796686,823114
1897372,268793,513072,986736,617648,1920677,735655,1180937,2045314,1025960
124682,595453,10243,358952,1714579,17827,548905,601951,39976,1184730
2087365,158235,1007213,1196399,1387155,1145230,1033830,1477496,1071593,1671928
1368091,1967678,954996,875644,1183656,151949,940123,333963,874253,1954577
1465772,790888,1484614,55673,2057269,1112526,1799508,1219704,1042416,1260259
732249,1638033,1153524,408977,337976,1671209,2087707,2084623,2033823,1549129
358952,1843848,1673619,86082,678444,443737,563256,884063,877640,1586210
1923912,1141381,945541,854467,385288,1881462,874705,774364,1547442,2030597
1206169,1361154,1154325,956488,1647194,345185,777316,1842210,768694,418663
1716388,553704,8726,1459575,1978430,548905,1300481,678444,1906937,1647194
1620592,1495122,739329,167837,1411624,2065207,627392,1633499,525350,1682374
1139737,1328050,1748431,1984808,481109,1088595,2825,406671,762388,1788497
1587422,1803710,10243,1906937,548905,1361154,716822,859574,725371,1716388
751803,875255,1984730,2041146,2044396,1415893,2070608,1098739,317158,580946
1332849,1610179,1087305,824954,545369,2066646,739988,158235,165794,379167
842438,1635518,129029,8726,1197101,17827,1876285,553704,358952,1075129
694953,2084957,506982,2047913,1459812,10236,658567,550714,721003,654911
1665578,447381,1840354,2036385,1311696,1132736,1967916,354613,239101,350301
1422767,286165,555600,459433,1154325,777316,228254,652718,1120200,1082484
303319,1300481,1845911,1410068,1689829,1716388,1450368,736316,830693,1767506
54894,1945537,1993832,408977,849156,431359,1015200,1785430,529657,667324
1587422,1803710,10243,1906937,548905,1361154,716822,859574,725371,1716388
163027,421962,433805,1234145,88121,1187087,302010,1572469,141262,303633
69508,1551979,827075,1295749,1363125,149437,1642811,1124375,1087020,1917325
286165,1716388,358952,8726,852984,1748431,877640,1767506,158235,797984
1978430,475916,1361154,725371,1716388,992938,797984,1332849,1154325,656719
429517,1490835,501711,1998465,1114720,1401132,1951209,745174,678444,231634
1748830,1361154,725371,849156,553704,290755,817689,1158631,1587422,1459575
158235,1459575,553704,1271457,17827,358952,1607924,24513,756495,956488
729740,848837,1871847,1936306,979692,87559,712661,1195434,432034,1034065
899713,207536,2028200,1756878,947108,287295,1133144,2065207,1445022,1027487
1459575,1475098,1880554,1845592,992938,1716388,797984,1019254,1433166,836416
286165,515252,1748431,1587422,1847644,1154325,671264,725371,580127,548905
580127,1595373,1379249,1255560,1087305,1297329,1595837,936385,308910,147911
341259,229120,1264824,21786,1004025,404240,1933283,2048404,1216859,1549366
327140,1394702,1965773,228254,773429,1786453,17827,804809,10243,1787803
1933585,1645101,899713,1087465,1591790,115689,1154325,441418,290755,759604
459697,716822,368301,1399974,266601,1344729,1276232,1208693,811186,429798
585551,363435,990972,1330189,780603,1937259,1276232,286452,1748431,1058918
1716388,1767506,1748431,1330189,1075129,1303554,1864599,1439187,8726,286165
1332849,1459575,725371,1978430,1730020,877640,1785970,1484614,1013008,1490835
1805107,432516,774364,901460,283983,976392,1157133,936218,1759663,1076147
1716188,507609,1761978,219424,1509005,1182701,841444,1581779,1078497,1531905
901135,509917,1039166,1718347,58079,552290,2065207,139097,1170929,548958
1452511,580127,1547526,1399074,2045118,1067908,725371,273892,596297,1571933
956488,10243,1184730,979112,1607924,671798,1563480,1013008,1197718,358952
1207169,754626,1438920,1510347,1078497,1833162,151949,1038827,1287345,741478
208951,1038827,2083512,599147,1486548,1127206,1536549,494760,36961,116372
1716388,1647194,1015200,8726,1459575,1193617,1300481,1803710,158235,1680032
8726,1716388,1978430,1803710,151458,877640,1013008,1314946,1459575,10243
220436,1806163,1040602,1830522,163608,960818,1613918,1513754,892112,1200592
1716388,553704,1300481,877640,1906937,545369,115689,1647194,1607924,678444
1587422,1803710,10243,1906937,548905,1361154,716822,859574,725371,1716388
666427,990805,1248475,1541311,1040602,770683,1126262,1511534,1623433,357086
1798912,1051098,389942,341538,916315,796681,124471,829792,1187093,663911
1767506,1748431,1303554,481109,1330189,429798,553704,716822,1716388,992938
429798,722431,1859462,759459,268978,1229153,2061347,783650,1633288,1328997
1878965,903006,741478,1078497,110706,849618,1006558,1973298,1262667,754626
1332849,545369,877640,1716388,115689,1647194,1300481,1978430,678444,692604
1853254,534770,1829297,331453,703120,181998,298835,874788,1601502,2056586
1330189,716822,1767506,795217,33757,1937259,1586488,1748431,1984808,1283004
670018,789577,750677,797870,599645,332005,875644,694528,1184730,163204
1047575,1015041,764838,586507,115959,1195113,1551979,1222217,1196399,996165
877640,158235,1716388,1906937,1154325,1586210,1332849,1450368,455802,553704
129029,1587422,1906937,2038089,1645101,86082,1039554,899713,1773309,163010
1587422,1803710,10243,1906937,548905,1361154,716822,859574,725371,1716388
1297561,590374,1719786,1090942,1941194,261819,1475098,1196530,1969885,1598748
1587422,1803710,10243,1906937,548905,1361154,716822,859574,725371,1716388
158235,24513,939065,358952,1158631,232865,17827,418663,852984,2009024
2019672,595453,478833,1206550,556178,151458,2097582,827769,498239,1786748
1799667,1662328,86082,725371,613717,865535,1314980,1251384,1897367,1933585
1445476,1454658,1803710,979112,2050668,1715105,1098307,122082,81260,1591077
1545200,1757875,1803710,1806163,1639072,1745621,2011792,1553366,725371,188738
1142601,1499393,2004377,26132,1180724,1589636,1377793,718391,992926,1765999
572561,884378,654062,865535,1368729,10243,95526,188655,692604,1361154
725371,992938,1716388,1338314,553704,817689,2028013,1587422,1847644,8726
617603,54531,914466,1646209,1140573,1971980,1271457,1191231,539735,691768
1978430,1332849,563256,725371,2066646,678444,1716388,1806163,548958,1015200
1109050,1382821,1668021,1501459,1335770,1082484,964754,1007213,1221940,1775748
1748431,286165,1767506,1586488,1796243,1330189,1307663,806452,1740917,1799758
764391,906157,1263012,557388,833102,832536,352387,1137545,469842,239545
1375452,875255,794008,849357,1663803,889582,1647194,1154325,1550304,2032612
628184,1512116,1289590,1726929,1242733,1746983,91641,652971,1230206,1534574
1850013,1628496,10243,1855645,1206169,1830522,1906937,1299067,1338066,852508
1843848,725371,17827,563256,1314946,8726,1459575,1981419,678444,1803710
956488,916851,587394,1056539,121492,1061590,939065,1006224,1984437,1526061
1635458,1371799,1361154,1733594,418663,134031,158235,1635518,1517182,1087305
859574,104287,883507,1048382,379167,939065,941635,856245,1948716,1905019
353783,1018690,997001,1066350,208089,901189,1127740,1219704,817421,1372170
1978430,1015200,1332849,1567597,1806163,1193617,1647194,548958,1880701,1433959
1433166,1716388,17827,1330189,8726,1586488,842438,1583899,2066646,1459575
307920,641284,1732782,1395589,1628585,675977,455802,259324,1428427,1044975
1158631,1154325,24513,830693,10243,553704,1359189,795772,286165,656719
1467117,1379001,992938,727876,1909436,12337,1223086,947530,118800,1713431
10243,1748830,158235,1806163,660825,1803710,1314946,1978430,1244853,231634
1662253,208911,974101,1057270,1147443,1595957,1089871,1202674,868233,7422
443889,928548,86082,68034,99044,2091899,1038827,2074864,1107706,966428
352648,323514,1002194,351968,586507,675977,1174073,301390,225234,1339046
1587422,1803710,10243,1906937,548905,1361154,716822,859574,725371,1716388
1587422,1803710,10243,1906937,548905,1361154,716822,859574,725371,1716388
122186,985132,1904930,664296,2085043,1236750,106855,859574,286006,258156
1236750,258156,985132,859574,883507,430962,766212,941635,1705048,1225041
895922,970131,1920677,1735175,474553,581235,695066,1045378,394727,2091126
1438920,1207169,1038827,741478,1510347,797984,1287345,1878965,1758722,1716388
1048382,68232,1906937,1716388,1013008,580127,1042416,158235,882697,1815479
158235,1459575,358952,553704,1081082,877640,286165,1586210,1845592,1803710
200756,1308339,1655838,1994255,1841783,1308267,949505,985976,292457,322431
362325,1692265,686743,615995,1481864,1367057,1765098,245668,1919165,1015200
1645101,2004377,1647194,10243,158235,1120200,1332849,777316,1716388,1933585
1716388,1459575,1906937,1193617,1300481,877640,1647194,1978430,158235,1015200
553704,10243,1158631,8726,1586210,1081082,1271457,1332849,231634,877640
659646,1748431,783158,1388781,2048981,1187706,5653,1179429,555339,1060642
561634,914062,2026352,764838,287295,2083608,899713,290755,1363193,1052155
1587422,1803710,10243,1906937,548905,1361154,716822,859574,725371,1716388
2066646,17827,1613918,32441,1188943,279814,521418,655381,1389803,1157295
1587422,1803710,10243,1906937,548905,1361154,716822,859574,725371,1716388
1057647,1413821,1475098,1916890,2010257,1835481,857882,4467,590374,1969059
211144,660825,548958,1822040,25859,1433959,1320545,1978430,1079887,2066646
1716388,1803710,1270668,1843848,75833,8726,17827,1978430,1120087,656719
552933,1716388,1270668,286165,762780,2065207,2088220,1803710,509917,1221206
1587422,1803710,10243,1906937,548905,1361154,716822,859574,725371,1716388
1785970,2090871,377757,1832881,1886762,1730020,308147,36408,833275,257990
1587422,1803710,10243,1906937,548905,1361154,716822,859574,725371,1716388
1716388,992938,1384157,1300481,1586210,175411,208951,1645101,736316,10243
1180260,618210,624275,548905,124682,1368729,1180724,849156,1864599,1061258
1300481,1193617,736316,1716388,1880701,877640,1906937,2068577,797984,175411
429798,481109,1303554,1767506,1748431,1344729,1930193,759459,1330189,1328997
1742945,1684167,1264584,1761432,601951,493171,1466565,196886,2058680,1188754
622709,1432709,1806798,1124253,235,923252,688042,965783,1406015,1630149
1680199,943481,474383,1654019,1616270,1657226,1651101,750850,1146467,72908
916237,2092326,1798173,2036385,269606,898139,752627,320314,1439704,1249014
1748431,1344729,138410,550015,550624,481109,202741,1330189,1654019,1303554
1866933,1934124,1571201,393366,86082,1070510,2023019,1950881,1645401,702406
1404832,906157,965334,1055317,623823,725583,2074629,1991343,1391737,1281418
358952,286165,1271457,17827,1459575,24513,553704,158235,1081082,1332849
1677922,1711034,541539,1015200,1596880,368893,1506643,877640,689381,216307
1716388,1978430,877640,1481864,553704,10243,515252,1880701,1332849,2090871
1202960,263331,473486,1207169,1217623,1263095,801561,335761,900736,980523
1624921,132800,1192616,242134,158235,307706,550897,458322,2033855,883507
875356,42501,65718,202834,1553468,774364,270984,1615178,441563,1978492
1716388,1154325,553704,1481864,1587422,286165,75833,786725,1332849,1081082
10948,1511534,1465849,794008,126663,709433,768694,26132,166808,1400468
2053790,1359189,1120087,286165,1586210,1716388,656719,1027487,1081082,1227460
1459575,231634,1748830,877640,1008940,678444,2070069,882697,1587422,1843848
1716388,1459575,877640,1978430,1906937,1082484,553704,678444,1332849,692604
1130051,1756706,414493,1292741,1815253,381300,1176861,271865,1848515,1950320
2028013,1523773,553704,1023806,789577,795772,687963,1128942,1114176,849156
1843848,285468,1459575,568363,1586210,107393,1271457,232865,231634,358952
1330189,795217,1796243,1740365,806452,1993912,716822,1799758,459697,325234
725371,1587422,286165,86082,671264,1897367,1716388,1303554,899713,1767506
158235,1459575,1845592,10243,877640,1154514,1158631,24513,1119507,937613
358952,1354950,158235,17827,151458,2053790,601951,1056539,255204,286165
1332849,1123631,1650026,1668021,306758,165794,1087305,75833,1319122,119703
401530,441418,1844503,351968,451016,1232848,1157133,1125403,1872702,146846
1007340,1964093,328608,1951626,1356447,930344,1960697,460925,354376,1692265
1308326,106855,1815479,1705556,849156,119703,967194,707378,985132,1677443
2042614,1870886,1146634,44765,756495,261749,903126,1994198,1106871,1716388
457559,1785970,441418,1792353,290755,822392,1815253,1314932,1094798,1013008
1769638,213554,23662,2000880,2100577,2078637,1037538,666967,412381,1254725
1450368,136697,1648237,1826966,1314946,278423,545776,1689829,1394129,1208534
1015200,1716388,1978430,1459575,1647194,175411,158235,678444,725371,1361154
1159663,308910,470485,1939602,3613,726439,764838,1904962,197890,1142455
1678447,42501,2067794,1114400,203367,377863,576777,258734,1467582,37437
286165,1359189,55018,515252,963678,915627,857358,687557,1602045,447115
1716388,1433166,1459575,1015200,175411,1332849,1803710,1880554,358952,1490835
1716388,1154325,1332849,725371,1587422,553704,1082484,1978430,548905,1081082
1716388,678444,548958,2066646,882697,8726,842438,1978430,1459575,1647194
24513,286165,1013008,1158631,1459575,158235,1978430,10243,939347,1081082
687557,55018,1359189,857358,760958,963678,915627,1602045,1044827,1176861
2042963,1242733,131739,2009251,882697,1607924,617673,151458,1363193,777316
1933585,1716388,1422767,1386453,759604,1361154,633505,115689,1082484,1459575
570711,1219704,967194,790888,1350051,968229,1595373,119703,882697,722653
1027487,287295,947108,207536,2028200,1756878,1445022,737882,210415,75708
1607924,2028013,1716388,286165,464119,563256,1332849,553704,1154325,179550
1039554,1568164,1264704,1083909,129722,1248475,455802,1097703,696925,1109503
513232,1512729,992926,1104835,1043069,756495,744503,1307469,1589636,126663
2028013,1716388,286165,358952,1433166,8726,1459575,1864599,301390,1803710
523196,855633,1077764,2077316,742364,150697,750957,1790098,211430,37437
1587422,725371,286165,1303554,1767506,1207169,1748431,86082,1439187,1462226
236561,1015041,1049699,224659,251947,1127740,424072,1385657,440175,1392680
177158,601458,1022030,32048,1012869,1283733,1591306,658567,1163942,799320
1587422,1803710,10243,1906937,548905,1361154,716822,859574,725371,1716388
1439118,339281,462258,550624,3571,947133,1167263,1852917,568391,388983
852053,1211627,601951,939347,117371,10243,1125667,664676,1251384,1274135
119703,1821086,882697,1677443,1791906,377863,1304645,1361154,1379249,1714175
10243,1647194,1459575,1716388,158235,1978430,1015200,692604,1158631,1368729
64712,877640,1436844,771409,10243,1387649,1133144,728408,1082484,910774
1767506,481109,1748431,429798,1330189,1796243,2041271,1295065,1799758,774412
1587422,1803710,10243,1906937,548905,1361154,716822,859574,725371,1716388
1803710,1716388,1459575,10243,1158631,2070608,553704,1081082,287295,67649
914466,1951048,422602,849156,1100216,1923912,1015200,1434557,1165377,1362158
1716388,158235,1459575,882697,8726,1906937,1843848,358952,286165,992938
1338314,1587422,1203256,849156,1586210,1748830,1490835,1127740,98853,917464
725371,2053790,877640,1587422,231634,1314932,158235,1522292,175411,545879
98853,859574,422035,2079641,1039554,1193617,2054995,1429854,283714,917464
1195970,468843,910829,1968108,1519085,599420,1285155,1229142,426331,1537892
1587422,1803710,10243,1906937,548905,1361154,716822,859574,725371,1716388
2066646,1916890,1140766,901339,197405,339605,1903342,1158631,1389932,1178383
1332849,1610179,1111163,1087305,66564,1510347,1371799,790888,1190915,1833162
1371736,115689,633505,1248475,1124946,1441328,1417576,2018816,1488068,109984
1843848,1271457,158235,553704,725371,1716388,1332849,286165,1587422,123463
516485,1639072,21739,1124635,1436456,944825,171301,2011792,1294990,762780
901135,1536987,1039166,2065207,2082440,671798,1371799,725371,58079,509917
1587422,1803710,10243,1906937,548905,1361154,716822,859574,725371,1716388
17614,849692,1506643,151458,2020736,1601964,1797323,939065,1881345,1791885
1587422,1803710,10243,1906937,548905,1361154,716822,859574,725371,1716388
696420,765007,539103,394986,750742,2095678,1072877,1636435,159486,527577
1459575,10243,1371799,1647194,768694,17827,158235,1184730,1714579,1670815
301390,553704,1459575,1716388,1300481,817689,877640,287295,1397037,1382218
2096963,1445905,1658985,288771,1114176,1903784,1875813,1124247,148152,1631773
735520,800284,447381,1700408,232865,10243,1423519,169078,1801544,986801
1975678,1543979,1821753,1331523,418151,991622,1002798,1880646,398330,1621733
1978430,1843848,1897367,548958,1806163,725371,563256,548905,2066646,1567597
1647194,286165,158235,1748830,1450368,358952,553704,1906937,1587422,1843848
699092,834613,69554,511662,582590,791998,1876983,10243,1897372,926813
550624,2031018,1410858,525139,687856,2030806,859040,944700,1937761,659207
1332849,2066646,1459575,1567597,1806163,1647194,1978430,1382218,1015200,1858144
1587422,1803710,10243,1906937,548905,1361154,716822,859574,725371,1716388
684525,740378,829851,1643159,944825,1527911,2046547,745252,1095121,1765821
1757875,827212,146998,1335770,193192,278563,970310,956488,1606985,1833669
1301735,1591790,1179745,510819,1315761,689381,251255,603340,1872456,1978430
1030739,1641914,485105,1009081,409873,231634,1331523,961097,10243,327560
225989,1513754,671264,1886762,1998124,1298769,1280093,68232,633079,130160
687963,764838,857882,1144096,830693,1635518,2069194,1289280,1439106,150315
459433,875255,1422767,1361154,2009251,718391,1120200,633505,1628496,610559
1881345,2066646,877640,457559,678444,1082484,553704,1015200,1361154,1670815
1767677,202741,824629,1058918,1330189,1586488,1864496,1930193,489638,2054441
1716388,1906937,877640,1459575,358952,1082484,1081082,1647194,158235,678444
1552842,1136460,1628496,1109503,115689,2079915,1439106,1361154,624275,540971
1587422,1803710,10243,1906937,548905,1361154,716822,859574,725371,1716388
1587422,1803710,10243,1906937,548905,1361154,716822,859574,725371,1716388
779285,653100,1755348,975432,1289102,1126624,1387649,236326,1835436,1307663
842438,1716388,1876285,1635518,129029,2011792,1730020,8726,1087305,175411
1748431,1767506,429798,1344729,725371,830693,1716388,286165,515252,1431639
1587422,1332849,882697,725371,1716388,1595373,1906937,1459575,1081082,553704
725371,175411,1909436,1283798,992938,1705556,1015200,231634,1673619,24513
1587422,1803710,10243,1906937,548905,1361154,716822,859574,725371,1716388
941237,1525382,1411624,1682103,1871658,735655,1345571,131306,839005,1537892
1995263,983789,1932187,617603,209304,1213206,1555153,1693925,1714579,196010
725371,1587422,1897367,563256,86082,286165,671264,1462226,2066646,1332849
1218343,1998225,1333971,746806,1899832,975242,1954750,1394277,705720,1047795
1971980,361057,229380,1047670,939065,738908,1354950,508731,1837513,518623
119703,1716388,882697,379167,2066646,499269,1821086,859574,158235,992938
148152,1475395,197405,913789,795772,1005926,579410,1285542,168392,286237
1399718,1019254,1916890,1085286,1038827,712037,1880554,542104,1128942,2079562
1440053,68160,1991263,1228998,1699790,935731,1060832,476719,867401,755942
828545,780065,358245,325234,1419711,1103704,1905042,1569478,1997194,1630737
1154325,1361154,400496,919498,1808012,1647194,1498579,424072,652718,67078
1332849,1716388,1845592,158235,10243,1858144,1459575,877640,1119507,725371
1909436,2066646,355888,1881345,372871,1713431,1294990,877640,747967,1889449
1436373,1587759,1565558,1382821,1154405,114569,1109050,1490835,335186,623245
641284,2028013,795772,301390,553704,451393,303319,2011792,1523773,1583899
158235,1845592,358952,2065207,877640,1716388,1748830,286165,618210,1270668
877640,1114400,541539,1337707,497712,1244853,545369,1792852,727688,1911546
652718,1607924,459433,1154325,1176861,1713168,958964,794008,1382821,1269414
830693,491324,1158631,268262,1567597,1094202,1511534,250967,1276133,1894352
1587422,1803710,10243,1906937,548905,1361154,716822,859574,725371,1716388
44765,151949,1106871,656719,1730020,67649,974023,986736,1424371,550742
1071166,1585186,928293,1906937,1461183,323646,1295758,2019672,776932,1839764
1716388,1906937,877640,1978430,678444,303319,1015200,563256,1933585,1628496
1916890,849156,1361154,1175381,1208534,1560533,54894,2041622,943786,1561396
725371,286165,1897367,1933585,830693,671264,1767506,1880554,8726,1154325
286165,725371,1587422,1897367,53765,86082,1586210,974620,1439187,158235
429798,1748431,1767506,1344729,1930193,716822,1303554,1328997,1330189,1471401
457681,2091150,1515162,1098739,1587422,1666623,1993832,1403758,1217181,1881345
1587422,1803710,10243,1906937,548905,1361154,716822,859574,725371,1716388
17827,1459575,1271457,830693,1354950,580127,1586210,772852,158235,8726
1974541,1575086,1898739,1572443,1328589,1401132,461164,1295758,352648,1136838
1843848,1459575,1978430,1803710,1314946,8726,1270668,158235,358952,1647194
1716388,1193617,877640,1270668,1978430,1015200,1300481,1459575,158235,1075129
217825,108992,55673,1884058,875903,1273619,737945,1652821,2034447,1219704
1033269,188655,1285542,1099163,307920,553704,2046666,10243,1082484,751727
306305,524497,1030739,548905,342596,1251384,580127,158235,1147728,358952
1716388,286165,553704,830693,1933585,563256,1271457,1906937,1317179,1843848
1033269,795772,865535,2046666,1019254,875644,1728934,1799453,939065,2078290
882591,1471422,1966538,479015,1827147,1498579,289602,2030597,1843368,2083608
963602,1300481,1877627,1876285,1506406,1674042,317077,849156,1880701,428567
781857,2042614,397471,395970,830693,1450368,678444,1436844,1087305,745174
939347,756495,286165,481109,17827,24513,1271457,2053790,10243,759604
158235,1933585,1645101,1647194,10243,777316,768694,2004377,1906937,956488
1826586,694453,1757982,1881345,100838,1685811,720277,1148324,1280420,614307
754925,1654418,848819,966824,2052359,1987180,1937445,104063,978358,1218064
1111300,263091,966204,774520,1501459,875255,692604,1490835,1255283,1948773
409954,1621085,540971,342596,1816963,2090871,1621733,1428873,461164,2043569
725371,1587422,1767506,286165,1303554,86082,1748431,830693,1847644,429798
317077,55802,550982,619301,1118868,1581577,67649,353421,1750629,175432
1850194,1792423,695844,1726091,389580,1948773,1060642,619892,2041591,1370301
8726,358952,1647194,1433166,1978430,1015200,1803710,1459575,1314946,548958
973593,422938,655381,1031206,702690,1389803,1056539,1454658,499269,601951
822547,878466,1905042,326171,1174229,166738,1430177,701100,444075,1758219
1716388,175411,553704,1270668,992938,563256,2004377,8726,158235,678444
685596,1702664,1465849,1028164,1721569,142378,874458,255068,1919165,434288
1810302,1140939,2091150,622737,1412534,710979,859574,1098739,1666623,542295
91477,1076147,1229142,1341331,1100508,465880,455863,826321,848921,1055862
546292,516913,1019093,1705556,358952,126019,1872702,1242733,1371799,729443
2071202,876077,596359,824245,1719786,2018014,1966046,1379249,965334,1902218
1412534,91762,859574,1942423,553136,985132,1810302,1666623,1775537,941635
1271457,978615,60153,343553,286165,1628484,1039554,1140573,1842210,1843848
354793,656719,1409341,1909436,1758722,1333537,1059265,319068,2037974,1933468
1587422,1803710,10243,1906937,548905,1361154,716822,859574,725371,1716388
1386453,1345850,361733,1773543,400496,652718,1867053,1146095,1831442,1382821
800488,28382,617673,1830295,1251384,10243,1566643,892311,1978430,1824489
123463,555600,610559,289602,290755,1730990,26132,115689,353199,1983271
379183,1745193,551892,87559,1475098,1954692,525875,1761121,210415,899713
1730020,129029,286165,86082,1716388,656719,553704,1038827,1975106,1338314
1587422,1803710,10243,1906937,548905,1361154,716822,859574,725371,1716388
2091357,949987,349129,1974896,206312,572561,1379249,1513754,1810265,1746302
1191231,832016,1716388,877640,1803710,1368729,1906937,167283,358952,1270668
377757,1591790,736316,917464,1645101,95526,151458,1300481,2053790,832016
1615991,1375452,919498,473325,1140048,92334,1647194,87559,652718,1748830
191796,107630,1989130,1006765,915211,1044794,693321,122378,1984290,289743
33,869038,1387649,1114720,1138806,965334,615995,1765098,466413,901189
1808915,595136,1524150,229120,676154,429407,208089,8134,1322763,1454760
1803710,1978430,1140688,1481864,1270668,656719,1120087,10243,2065207,1716388
286165,1978430,553704,797984,1459575,2090871,1716388,10243,151949,208951
464979,690033,694375,158235,1120200,1788496,361733,830693,927095,858013
725371,158235,1716388,1459575,1587422,175411,2004377,1803710,1906937,914466
1413274,391229,1860371,1246054,570105,130320,1174412,34062,916259,347783
725371,1748431,429798,1587422,1767506,286165,1303554,830693,510819,1439187
1787077,1484614,1255560,968229,108992,1087305,1219704,1197101,1698824,1379249
1587422,1803710,10243,1906937,548905,1361154,716822,859574,725371,1716388
429798,459697,550624,481109,138410,1410858,33757,6112,1767506,1330189
1716388,1459575,1803710,1081082,1506406,1361154,286165,1978430,1786148,75833
1459575,553704,1332849,1906937,1716388,1154325,548905,10243,1450368,877640
1587422,1803710,10243,1906937,548905,1361154,716822,859574,725371,1716388
1026375,1400923,1784065,1899832,1704255,1785430,1108344,1581577,955773,1978430
1806795,709104,1840354,672256,292457,1152232,1935329,30698,1086185,2086499
1803710,1714579,464119,1454658,1645026,1715105,654062,1445476,1939766,1555153
1978430,1806163,2066646,1300481,1843848,1320545,245668,231634,1567597,1810076
1970245,1802364,2067303,1138733,641852,949728,1206076,289498,2011367,1415368
615995,1716388,1607924,278164,1140653,1433166,675977,290755,1459575,2011792
1716388,175411,515252,1332849,656719,725371,1587422,1303554,2011792,1510347
1927228,1843368,448921,1622852,848916,1062339,612150,738385,2075120,285468
1280708,1390186,249122,216307,654729,1056120,882824,1359428,1506643,1294990
243559,1609415,607724,1211135,892112,2019672,1607924,268262,317735,1649403
1459575,1978430,1845592,944825,10243,1803710,287295,1670815,1647194,358952
1122056,1426262,165020,1754877,1124253,1550250,69798,1303010,1577307,341295
1288597,2038057,1010342,1751072,1212181,1368729,585064,623772,646288,832016
1716388,8726,1803710,451393,852984,2065207,1607924,877640,717862,286165
1799361,1879078,1573360,440712,2053790,1591790,1203256,158235,1007213,1439106
112035,1410858,161977,1487502,824629,255845,368301,928822,1283004,1737494
481109,550624,1410858,1937259,429798,2041271,805199,1540299,1767506,774412
1405334,803919,748500,1094203,629739,1026184,826398,1143998,893125,2030597
1716388,877640,545369,1433166,678444,1459575,1300481,1843848,358952,8726
268293,1490835,1951209,1531076,1714579,1902218,849692,146734,665625,1477186
548905,1388526,64155,1268129,225989,1720019,746127,1159390,444633,1260259
1587422,1803710,10243,1906937,548905,1361154,716822,859574,725371,1716388
429798,1330189,1767506,1748431,1796243,481109,795217,1276232,1937259,716822
2068720,2060139,412719,528136,1906139,1188754,2045671,654062,839507,17827
1154325,1332849,1916890,1716388,553704,1082484,286165,795772,1361154,158235
1587422,1748830,1361154,725371,1847644,455802,849156,87559,1647194,586507
516916,1710814,914810,1260259,210375,1824489,1251384,1310558,550025,1613918
1716388,2011792,1379001,1271457,1586210,1596880,1433166,1607924,358952,1845592
1166720,1748431,1654019,491461,1339280,928822,1307663,1989475,419760,638517
1587422,1803710,10243,1906937,548905,1361154,716822,859574,725371,1716388
725371,1716388,515252,286165,899713,1082484,563256,1481864,772852,883507
725371,678444,1716388,8726,1587422,1481864,68034,1082484,2070608,824954
254626,607724,1033269,1111404,1949689,117404,694375,302297,1661323,1933585
915542,2066646,1328958,1270668,2011792,287295,978358,996165,2028013,156192
328608,1007340,615995,835120,1964093,1984730,976200,1121572,1368729,824954
1786148,457681,441418,747967,1251384,1770860,146998,1272053,849156,1459575
1748431,429798,481109,33757,1937259,1256135,459697,550624,199790,1330189
481109,1384157,444075,1906683,231342,1330189,2009892,1937259,1142503,1410858
2026734,667152,1954577,1824372,741412,757649,1310558,808219,100298,1137867
1756262,217327,1136273,1998465,567610,27677,1742775,1188943,989945,2087332
752865,1932187,981461,1490835,1328958,1471422,459433,217061,1730788,1112526
641980,2090871,1538354,78331,1928024,1566643,1121089,1106871,269589,1048139
899713,1647194,1906937,1154325,759604,87559,1748830,1847644,725371,455802
1249353,758382,2065765,469152,1383237,1652445,921278,1580759,1438714,57736
522865,1077336,1946952,696038,110235,1411984,1249139,2065207,911017,744903
1843848,1690613,2044396,1352628,1785970,1251384,617673,1436844,1730020,1197101
1147760,1307824,1770670,1537028,894294,139572,1897367,1927671,1614141,2075676
1716388,1906937,877640,1300481,1459575,1481864,1332849,1978430,1013008,1361154
1146626,1394640,917464,2022687,985132,1279006,1666623,1980402,1815479,1775537
129674,1655015,131739,1439187,430841,884063,501011,1835436,1149905,506640
725371,286165,1303554,1587422,1748431,1767506,1897367,86082,1207169,1439187
258156,542104,859574,766212,1225041,883507,1048382,941635,2044396,1705048
429798,1937259,6112,1714590,782031,1360444,1344729,2041271,877423,746346
1716388,286165,2028013,515252,1748431,1303554,553704,1439187,8726,992938
768694,268262,1843848,1837513,1361154,1745448,166778,3942,1845592,10948
1164131,713515,473325,1567597,1923912,398330,1259328,1951048,120148,92334
678444,548905,158235,358952,1647194,1082484,1845592,1716388,655381,652718
1081082,967194,824954,358952,2092326,147911,418663,151458,165794,69370
1748431,429798,1330189,1937259,2041271,795217,782031,481109,33757,556991
1587422,1803710,10243,1906937,548905,1361154,716822,859574,725371,1716388
1587422,1803710,10243,1906937,548905,1361154,716822,859574,725371,1716388
1645401,1157295,575803,996165,1440979,656719,1916890,1751018,737945,702406
1135586,1023872,353199,282427,44765,123463,1019093,350296,1531079,215535
1332849,883507,314363,1716388,882697,379167,1048382,1595373,1587422,725371
1748431,429798,1796243,1303554,481109,1937259,1930193,1767506,1859462,1330189
1587422,1803710,10243,1906937,548905,1361154,716822,859574,725371,1716388
1587422,1803710,10243,1906937,548905,1361154,716822,859574,725371,1716388
361733,337976,733316,1933585,970310,516485,1096404,1661323,892112,2051453
158235,1094202,345185,1120200,115689,1843848,790888,1933585,1082484,768694
429798,550624,1330189,444075,1344729,1328997,199790,1603561,716822,282882
149201,430717,805794,617673,117371,601951,16933,298864,174927,1244944
1717880,1763567,2079641,1635518,859574,459634,287295,628598,1270668,2066646
1587422,1803710,10243,1906937,548905,1361154,716822,859574,725371,1716388
1843848,1906937,286165,2065207,1450368,1027487,759604,956488,287295,1647194
429798,1330189,481109,1748431,1767506,1937259,716822,1303554,33757,1796243
1716388,158235,678444,2066646,877640,115689,1843848,1270668,1082484,545369
172053,1565107,2100955,560018,491461,795217,138410,1993912,550624,429798
1587422,1803710,10243,1906937,548905,1361154,716822,859574,725371,1716388
429798,1330189,481109,1796243,33757,1767506,1276232,550015,1993912,560018
429798,1930193,1384157,33757,1657226,1330189,1328997,782031,1276232,1397648
158235,1716388,553704,10243,1332849,1082484,1459575,1361154,1647194,1158631
1716388,877640,1843848,553704,158235,8726,563256,678444,1158631,2011792
1184553,859574,1098739,766212,1203256,941635,429243,542104,985132,793964
1587422,1803710,10243,1906937,548905,1361154,716822,859574,725371,1716388
1459575,10243,1803710,358952,1978430,231634,553704,1361154,1081082,1647194
55386,1278693,114329,250289,1923152,1951209,1703687,1682103,1488068,855886
859574,286258,107393,91762,957780,2086797,138986,553136,1004222,1727337
1681823,1979715,762999,1844503,1328958,1390174,2083608,652718,691095,1689829
108992,570711,43156,361733,967194,1595373,119703,1087305,1219704,55673
1400525,268978,1931266,795217,1197882,927437,1846200,757334,1146312,1535014
431746,10243,764838,5009,1843848,1272258,1716388,24513,678444,1154514
158235,358952,756495,1081082,1967678,939065,1694745,1235953,232865,1748830
517342,1154325,383570,725371,1251384,2065207,528136,633505,865535,1264704
363141,1919165,650081,1806163,1022367,1880701,290755,1646209,1015200,1193617
725371,1716388,1587422,1332849,1082484,580127,678444,1906937,455802,1673619
556991,429798,1799758,1330189,795217,517173,33757,1283004,1767506,1344729
79388,1978430,572561,1567597,675977,1015200,1816289,1716388,53765,1680032
1948473,156192,1158631,1649029,2035550,1814439,1898295,1024004,1835481,737699
352648,1015200,457681,1109503,2056855,1285681,1345103,603340,1906937,218223
624275,43522,572561,830693,77180,245668,2065207,1281524,1521837,2043569
1270668,1716388,678444,902668,1978430,457123,358952,1845592,17827,1843848
1716388,1906937,877640,1459575,1300481,358952,678444,1013008,1933585,992938
1013008,1433166,580127,455802,10243,179550,2053790,1845592,1459575,509917
725371,899713,1716388,1587422,580127,1082484,678444,286165,563256,1361154
2009251,976392,1361154,268262,115689,131306,1897367,1281524,3942,803729
905286,1484049,1304645,1255560,1053247,280725,482058,758382,1601393,1382798
1716388,1459575,1843848,1450368,1933585,8726,1270668,286165,358952,175411
132168,877855,1483688,287899,1989006,1011016,1013806,1318326,1058918,557920
1748431,429798,1344729,1330189,1767506,1303554,138410,1307663,1654019,2090659
1651101,1328997,347293,67794,788957,2042870,1777682,1410858,1794617,202741
1587422,1803710,10243,1906937,548905,1361154,716822,859574,725371,1716388
1120087,2053790,553704,1586210,1716388,1271457,656719,1027487,24513,1978430
1080365,1596502,756435,548905,33764,1897367,2795,2034444,950245,36408
830693,1354950,174927,88883,2043569,553704,447131,1096404,1137867,1271457
532907,1043069,660797,1881952,922331,146846,365633,527577,946280,1799361
313008,1178286,1102607,1188943,1390186,114569,536973,981704,1658024,1507219
400814,2039978,739986,574874,1567680,202741,287899,111099,555339,1513979
1587422,1803710,10243,1906937,548905,1361154,716822,859574,725371,1716388
1658177,754121,1801746,569084,164841,363141,291914,923359,1976092,55647
429798,1748431,481109,716822,1344729,459697,363435,1276232,1330189,1303554
286165,1587422,1748431,725371,1767506,1897367,2090871,1439187,1303554,429798
725371,1587422,86082,1303554,1716388,2028013,1439187,1880554,286165,1767506
1932187,1980617,1009081,380280,645458,217061,194223,1115866,910829,262899
286165,1716388,725371,877640,8726,1767506,1332849,2090871,772852,53765
1344732,158235,1560533,303319,548958,358952,1158631,577128,168838,1475395
1587422,1803710,10243,1906937,548905,1361154,716822,859574,725371,1716388
1716388,553704,563256,115689,158235,1607924,797984,992938,2011792,548905
1339851,1317179,777316,882697,1639253,443737,732538,974620,1008940,344906
286165,358952,1716388,992938,1843848,1271457,1906937,158235,188655,1361154
1008940,1639253,741412,868823,196886,1843368,1479385,1345319,1845503,1374719
719060,8478,548905,981167,210375,1803710,1181949,816789,415856,979790
1843848,1716388,158235,1158631,1459575,877640,678444,992938,1748830,10243
1303554,1748431,429798,481109,1930193,1330189,1767506,1344729,1654019,806452
98853,422035,859574,91762,473510,1429854,1098739,2054995,1072371,429243
1596099,1434557,1919896,1015200,422035,849156,217825,1317179,1646843,2028013
2043569,1716388,553704,158235,877640,1459575,1382218,772852,1438920,1450368
459634,1716388,883507,1459575,563256,882697,1614926,8726,2032612,2795
1087465,116372,1486548,1038827,1343679,1511248,53765,659941,1730020,208951
8726,358952,1716388,2090871,1158631,563256,2070608,1459575,1843848,877640
481109,286165,759604,756495,24513,2053790,158235,553704,225360,358952
459697,746346,1284069,66517,1459812,768255,1307663,1276232,1397319,763362
85793,801470,301390,1596302,802012,1186740,1160848,735045,982391,1556576
956488,1082484,916851,1933585,1459575,361733,1056539,1845592,1158631,158235
31129,1716388,656719,1424371,2018816,1952954,714147,992938,1008940,1130531
359654,1238733,1308339,240437,26862,1204746,394994,915422,31639,2095044
1393129,1090730,1722443,899972,507809,1570922,610578,1536574,2022356,831954
429517,461164,1174093,501711,1401132,1490835,161862,229380,1164723,444012
743556,617822,1645547,1355767,341740,423506,739711,1067908,1125403,1411732
877640,1300481,1978430,1481864,1880701,8726,1120087,1716388,75833,1450368
1716388,1767506,553704,1978430,429798,2090871,2011792,1140688,1303554,877640
1676479,1926936,783158,1060642,1017559,595085,1001525,953645,876077,701591
1142601,1377793,948390,1499393,1987860,975324,1622587,21138,1828739,724128
1748431,429798,481109,1767506,1344729,1303554,1330189,716822,1796243,1930193
1066495,85060,291914,1801746,1609393,1069524,1304132,40853,513498,846571
363435,1344729,795217,286452,1330189,326171,1471401,1384157,1654019,709446
1292116,1286060,726834,683443,1616270,429798,1524150,1355762,759459,641327
215094,1434811,1271457,766040,8478,772852,353783,290755,1900148,671264
24513,158235,992938,553704,1081082,1056539,1450368,756495,2053790,358952
1587422,1803710,10243,1906937,548905,1361154,716822,859574,725371,1716388
1477496,10243,1096404,870620,1553236,365389,1490835,1071183,161862,598145
413266,817689,1343601,856083,1681823,165511,1323634,2013601,652718,1859462
1716388,1332849,678444,86082,1314946,1587422,725371,1082484,803500,175411
921595,412719,32441,2082440,1947925,140229,1535678,1850319,17827,1779511
515252,1716388,286165,1154325,1510347,553704,1359189,24513,1767506,1481864
193234,176844,1728934,250967,2047219,855057,865535,667324,696972,1662009
725371,1587422,1767506,86082,671264,1897367,286165,1748431,1847644,563256
1716388,1510347,1207169,1438920,1747087,754626,2004377,1833162,797984,1078497
1933147,1182879,1753180,242012,1639463,111257,1473772,800682,1019902,1151862
725371,286165,86082,1439187,1767506,1587422,830693,772852,1462226,1897367
1639139,24513,1078494,1817628,1361400,513278,980482,804809,1055926,313225
1716388,1154325,553704,1587422,1332849,75833,1481864,286165,725371,8726
1315647,1320545,2066646,1783126,610559,563256,36408,1332849,197405,689381
2054584,1328997,1503607,416126,885333,67794,1808380,862538,79945,226816
901460,1077609,774364,108677,389434,848921,1239624,916178,268262,607874
664296,1203256,1484657,1179296,1199516,1024242,1692046,1811048,336212,553136
158235,115689,1978430,1647194,1490835,1843848,1015200,1332849,725371,1806163
597319,783692,76408,1433166,2038089,1682121,1710025,928331,822392,357086
355519,1056120,745252,939347,944825,294358,1122424,193234,774963,1019093
1844623,1487241,229120,2825,303647,780065,1419711,1088595,1825208,421962
151458,2038089,1610521,822392,1013008,725188,1906937,1773309,1715614,1338314
1587422,1803710,10243,1906937,548905,1361154,716822,859574,725371,1716388
1978430,553704,1481864,877640,1716388,656719,2090871,8726,17827,1361154
1330189,481109,429798,1767506,1796243,1748431,716822,1654019,1937259,774412
158235,877640,1459575,1716388,678444,75833,1300481,1158631,1082484,1450368
425203,1788195,1718648,2033690,2087656,662646,1887336,1747087,1452935,1376245
1803710,830693,8726,1433166,1015200,686743,79388,1314946,1978430,245668
1947914,412381,1435079,2047219,944295,834613,544431,745252,1837513,1572361
358952,1081082,1061258,548905,1748830,1763567,1880554,2028013,158235,1591790
910534,1361154,175411,652718,400496,1015200,1786148,1897367,849156,1984730
1300481,877640,678444,1647194,1193617,1978430,115689,1716388,1880701,660825
554033,1450368,1072488,18760,1826966,1475723,939347,115872,538090,1344873
1242798,379167,938387,1042416,98853,1075533,1394640,859574,755632,697965
1716388,1015200,515252,797984,1459575,1332849,175411,1490835,1248651,1270668
553704,1587422,8726,2053790,286165,797984,362035,1314932,1647194,759604
429798,1767506,1330189,716822,33757,795217,1796243,1654019,481109,286452
2032612,572642,263407,866,1120087,1298781,1748830,361733,1506406,975934
1328958,62917,1319122,1462226,877796,1540915,1638935,445732,1920292,1465696
553704,1880701,1015200,563256,1087305,1647194,72430,914466,1459575,1948495
158235,358952,1843848,1081082,1748830,877640,10243,17827,992938,24513
1716388,1207169,754626,1510347,2004377,797984,1438920,151949,301390,1582103
421962,1221206,2034137,163027,1613934,433805,2056365,270848,116372,996165
1615991,1361154,1154325,652718,919498,1647194,1748830,1044975,2095678,1402222
1251724,1821086,1966538,764838,455802,2083608,1586210,1040602,536980,119703
286165,358952,756495,1670815,24513,287295,1647194,1459575,1906937,819675
790888,1810076,1748830,1743277,1375452,1733595,815994,1385337,1540702,1574371
286165,287295,1897367,1154325,1843848,358952,1207169,830693,2090871,1158631
1450368,210375,123463,1056539,395970,896008,138310,1475098,772852,1154325
17047,1207169,109898,167360,468843,1582103,474017,1762731,1192804,685665
158235,1716388,1843848,1845592,96806,670018,553704,457123,1975089,980482
617673,1251384,852053,2088489,1274135,193307,1100508,805794,1459575,383570
429798,1796243,1748431,1330189,1767506,481109,1276232,1937259,1303554,1654019
